Warehouse ID,Item Number,QOH,Incoming,Safety Limit,Bin Location
Berlin Factory,SKU-133,8801,229,101,BIN-16
Tokyo Port,SKU-995,8391,127,191,BIN-14
Dallas DC,SKU-743,4572,354,349,BIN-21
Berlin Factory,SKU-823,84,200,131,BIN-14
Tokyo Port,SKU-885,9518,481,360,BIN-38
Dallas DC,SKU-663,5500,221,491,BIN-14
Tokyo Port,SKU-101,1754,217,247,BIN-15
Dallas DC,SKU-727,154,455,250,BIN-39
Tokyo Port,SKU-670,5975,201,258,BIN-25
Dallas DC,SKU-733,7196,443,478,BIN-22
Dallas DC,SKU-270,2864,145,293,BIN-7
Dallas DC,SKU-723,5485,252,191,BIN-37
Dallas DC,SKU-910,5738,135,294,BIN-12
Berlin Factory,SKU-252,6502,391,406,BIN-16
Tokyo Port,SKU-790,3942,91,401,BIN-9
Tokyo Port,SKU-467,9249,265,201,BIN-22
Dallas DC,SKU-513,2575,438,405,BIN-21
Dallas DC,SKU-197,2462,321,420,BIN-6
Dallas DC,SKU-401,9674,267,450,BIN-2
Berlin Factory,SKU-349,496,241,115,BIN-26
Berlin Factory,SKU-105,8133,386,393,BIN-1
Tokyo Port,SKU-886,830,288,114,BIN-38
Dallas DC,SKU-253,9723,216,284,BIN-12
Berlin Factory,SKU-670,1809,135,316,BIN-22
Dallas DC,SKU-614,1629,72,310,BIN-36
Berlin Factory,SKU-149,5323,135,488,BIN-33
Tokyo Port,SKU-398,719,92,457,BIN-17
Berlin Factory,SKU-507,6880,66,213,BIN-22
Tokyo Port,SKU-579,2335,330,431,BIN-2
Dallas DC,SKU-900,1300,25,161,BIN-15
Tokyo Port,SKU-310,4481,412,233,BIN-25
Tokyo Port,SKU-329,3302,179,112,BIN-14
Dallas DC,SKU-293,4657,185,471,BIN-2
Dallas DC,SKU-961,4755,113,218,BIN-32
Berlin Factory,SKU-594,980,392,499,BIN-24
Berlin Factory,SKU-435,7484,455,296,BIN-16
Berlin Factory,SKU-367,4730,73,276,BIN-25
Tokyo Port,SKU-771,1017,369,500,BIN-21
Tokyo Port,SKU-103,844,113,427,BIN-18
Dallas DC,SKU-577,5105,301,363,BIN-8
Dallas DC,SKU-733,3645,2,196,BIN-3
Dallas DC,SKU-733,362,141,171,BIN-1
Berlin Factory,SKU-760,6741,56,410,BIN-2
Dallas DC,SKU-552,7233,242,363,BIN-1
Tokyo Port,SKU-382,7717,406,105,BIN-25
Berlin Factory,SKU-908,7844,130,441,BIN-23
Dallas DC,SKU-985,1284,366,428,BIN-15
Dallas DC,SKU-590,7760,185,239,BIN-29
Berlin Factory,SKU-522,1644,384,485,BIN-21
Berlin Factory,SKU-955,1094,22,381,BIN-34
Berlin Factory,SKU-802,2926,98,371,BIN-1
Dallas DC,SKU-312,8262,174,216,BIN-26
Berlin Factory,SKU-980,5768,274,233,BIN-18
Berlin Factory,SKU-687,2398,258,218,BIN-20
Dallas DC,SKU-869,58,161,221,BIN-37
Berlin Factory,SKU-798,9249,163,310,BIN-29
Berlin Factory,SKU-272,7664,447,486,BIN-25
Tokyo Port,SKU-732,4364,367,130,BIN-39
Dallas DC,SKU-472,3115,366,388,BIN-11
Tokyo Port,SKU-915,8203,81,141,BIN-29
Tokyo Port,SKU-409,3894,411,197,BIN-8
Berlin Factory,SKU-734,2072,37,363,BIN-4
Berlin Factory,SKU-650,53,382,131,BIN-34
Dallas DC,SKU-573,2906,403,166,BIN-38
Berlin Factory,SKU-738,8679,202,327,BIN-9
Dallas DC,SKU-873,6475,344,473,BIN-21
Tokyo Port,SKU-449,2930,392,292,BIN-29
Berlin Factory,SKU-388,7670,57,481,BIN-14
Dallas DC,SKU-922,889,416,469,BIN-38
Dallas DC,SKU-657,7587,368,278,BIN-10
Dallas DC,SKU-240,9543,153,400,BIN-32
Tokyo Port,SKU-377,3376,104,387,BIN-18
Dallas DC,SKU-950,1671,308,304,BIN-34
Berlin Factory,SKU-396,8697,225,452,BIN-32
Dallas DC,SKU-757,1215,282,489,BIN-28
Berlin Factory,SKU-147,8607,297,419,BIN-34
Dallas DC,SKU-219,7118,437,500,BIN-19
Tokyo Port,SKU-936,1501,233,252,BIN-30
Dallas DC,SKU-401,980,181,287,BIN-5
Tokyo Port,SKU-757,9151,37,362,BIN-26
Dallas DC,SKU-859,2801,110,446,BIN-25
Tokyo Port,SKU-319,2649,477,148,BIN-18
Tokyo Port,SKU-767,101,343,253,BIN-25
Berlin Factory,SKU-675,127,366,272,BIN-14
Tokyo Port,SKU-381,9073,266,305,BIN-30
Dallas DC,SKU-673,4229,231,394,BIN-27
Dallas DC,SKU-213,3204,493,500,BIN-12
Tokyo Port,SKU-702,2238,402,482,BIN-39
Tokyo Port,SKU-883,7611,96,196,BIN-14
Dallas DC,SKU-893,1761,162,219,BIN-39
Tokyo Port,SKU-567,9253,181,161,BIN-40
Dallas DC,SKU-147,9893,23,486,BIN-13
Tokyo Port,SKU-304,5992,292,118,BIN-26
Dallas DC,SKU-367,32,34,498,BIN-19
Berlin Factory,SKU-278,3365,403,399,BIN-18
Dallas DC,SKU-987,3682,131,458,BIN-17
Tokyo Port,SKU-830,6759,224,243,BIN-31
Tokyo Port,SKU-453,123,39,174,BIN-23
Tokyo Port,SKU-291,5303,318,221,BIN-40
Tokyo Port,SKU-150,412,43,125,BIN-6
Dallas DC,SKU-905,4816,118,497,BIN-40
Tokyo Port,SKU-840,3779,289,131,BIN-20
Berlin Factory,SKU-799,3635,321,160,BIN-34
Dallas DC,SKU-739,6797,108,300,BIN-23
Tokyo Port,SKU-322,1552,52,311,BIN-40
Tokyo Port,SKU-622,9189,196,145,BIN-37
Dallas DC,SKU-767,2871,385,317,BIN-18
Dallas DC,SKU-531,3877,414,175,BIN-23
Dallas DC,SKU-568,1450,324,289,BIN-29
Dallas DC,SKU-903,1853,357,261,BIN-17
Tokyo Port,SKU-932,4913,195,215,BIN-4
Dallas DC,SKU-391,4977,289,143,BIN-8
Berlin Factory,SKU-157,2135,467,144,BIN-7
Berlin Factory,SKU-144,7086,260,440,BIN-31
Tokyo Port,SKU-320,1604,61,312,BIN-5
Dallas DC,SKU-879,5688,98,310,BIN-11
Dallas DC,SKU-298,4987,350,357,BIN-7
Tokyo Port,SKU-377,1562,227,364,BIN-25
Tokyo Port,SKU-858,3213,187,447,BIN-13
Dallas DC,SKU-994,9203,56,405,BIN-39
Tokyo Port,SKU-374,8251,63,349,BIN-7
Berlin Factory,SKU-570,3986,199,320,BIN-18
Tokyo Port,SKU-104,6260,381,389,BIN-32
Tokyo Port,SKU-827,6187,315,480,BIN-35
Berlin Factory,SKU-862,1395,421,256,BIN-22
Berlin Factory,SKU-408,3676,95,369,BIN-15
Tokyo Port,SKU-307,2495,232,443,BIN-18
Berlin Factory,SKU-506,5739,494,382,BIN-33
Berlin Factory,SKU-331,418,87,227,BIN-5
Dallas DC,SKU-547,90,131,280,BIN-18
Dallas DC,SKU-573,4799,440,228,BIN-12
Tokyo Port,SKU-377,8444,483,334,BIN-23
Tokyo Port,SKU-551,1829,100,440,BIN-29
Dallas DC,SKU-829,9620,153,158,BIN-4
Tokyo Port,SKU-684,829,170,316,BIN-8
Dallas DC,SKU-343,6054,411,294,BIN-20
Berlin Factory,SKU-382,6142,240,264,BIN-29
Berlin Factory,SKU-139,7806,176,186,BIN-16
Berlin Factory,SKU-107,80,472,195,BIN-6
Dallas DC,SKU-106,4128,97,350,BIN-21
Berlin Factory,SKU-646,3199,29,187,BIN-6
Tokyo Port,SKU-573,9955,427,162,BIN-36
Dallas DC,SKU-617,2362,307,364,BIN-40
Tokyo Port,SKU-199,6334,490,145,BIN-39
Tokyo Port,SKU-419,4888,500,159,BIN-40
Tokyo Port,SKU-817,795,96,356,BIN-33
Tokyo Port,SKU-133,8472,68,346,BIN-15
Tokyo Port,SKU-226,7332,364,298,BIN-16
Dallas DC,SKU-147,5985,11,211,BIN-30
Berlin Factory,SKU-618,4496,256,435,BIN-9
Dallas DC,SKU-699,8760,78,287,BIN-26
Dallas DC,SKU-605,1756,442,159,BIN-39
Berlin Factory,SKU-409,2505,295,364,BIN-18
Dallas DC,SKU-637,8971,176,107,BIN-39
Tokyo Port,SKU-140,7483,442,274,BIN-20
Dallas DC,SKU-900,698,454,235,BIN-37
Tokyo Port,SKU-863,8698,433,424,BIN-4
Berlin Factory,SKU-963,5050,113,329,BIN-4
Tokyo Port,SKU-614,9507,174,411,BIN-29
Tokyo Port,SKU-484,5645,417,228,BIN-26
Tokyo Port,SKU-504,6833,151,463,BIN-38
Tokyo Port,SKU-851,3358,420,459,BIN-11
Berlin Factory,SKU-863,4808,484,421,BIN-3
Berlin Factory,SKU-901,6808,154,466,BIN-3
Berlin Factory,SKU-878,5831,359,113,BIN-26
Berlin Factory,SKU-237,1578,471,442,BIN-7
Berlin Factory,SKU-378,670,131,191,BIN-10
Tokyo Port,SKU-555,8010,0,419,BIN-13
Berlin Factory,SKU-727,7716,241,371,BIN-24
Dallas DC,SKU-579,8144,291,473,BIN-17
Tokyo Port,SKU-332,2358,348,121,BIN-4
Tokyo Port,SKU-194,4695,114,198,BIN-10
Berlin Factory,SKU-938,7278,357,430,BIN-6
Dallas DC,SKU-682,8157,174,222,BIN-24
Tokyo Port,SKU-323,509,75,112,BIN-26
Berlin Factory,SKU-477,63,304,438,BIN-26
Tokyo Port,SKU-436,7521,411,122,BIN-22
Berlin Factory,SKU-615,3787,370,292,BIN-25
Berlin Factory,SKU-557,3343,285,319,BIN-8
Berlin Factory,SKU-291,3344,379,277,BIN-10
Berlin Factory,SKU-124,1370,391,318,BIN-33
Dallas DC,SKU-427,5163,150,460,BIN-21
Tokyo Port,SKU-359,6732,283,230,BIN-28
Berlin Factory,SKU-450,8922,352,488,BIN-14
Tokyo Port,SKU-324,9639,203,348,BIN-30
Berlin Factory,SKU-229,5442,314,390,BIN-23
Berlin Factory,SKU-666,7912,19,131,BIN-39
Dallas DC,SKU-653,3184,160,319,BIN-11
Berlin Factory,SKU-465,5018,407,270,BIN-31
Dallas DC,SKU-748,1510,99,201,BIN-24
Tokyo Port,SKU-349,5252,177,255,BIN-3
Berlin Factory,SKU-243,2290,388,360,BIN-31
Berlin Factory,SKU-567,372,379,234,BIN-17
Berlin Factory,SKU-881,3567,105,284,BIN-15
Tokyo Port,SKU-117,6736,299,309,BIN-17
Berlin Factory,SKU-826,5143,488,241,BIN-23
Dallas DC,SKU-234,6250,93,109,BIN-4
Berlin Factory,SKU-171,5776,275,149,BIN-17
Tokyo Port,SKU-408,1369,462,339,BIN-12
Dallas DC,SKU-540,1249,456,259,BIN-38
Dallas DC,SKU-626,6434,143,287,BIN-4
Tokyo Port,SKU-774,9063,383,277,BIN-36
Tokyo Port,SKU-357,4038,97,380,BIN-37
Dallas DC,SKU-411,1916,41,228,BIN-39
Dallas DC,SKU-117,4769,395,132,BIN-9
Dallas DC,SKU-264,1820,455,478,BIN-34
Tokyo Port,SKU-105,4463,425,160,BIN-33
Berlin Factory,SKU-283,9063,328,327,BIN-9
Berlin Factory,SKU-597,7298,203,427,BIN-31
Berlin Factory,SKU-244,3113,100,188,BIN-5
Berlin Factory,SKU-727,157,437,293,BIN-6
Dallas DC,SKU-839,8861,111,190,BIN-4
Berlin Factory,SKU-601,1689,28,159,BIN-31
Dallas DC,SKU-286,1259,98,328,BIN-39
Tokyo Port,SKU-238,440,222,267,BIN-3
Dallas DC,SKU-819,9199,70,367,BIN-20
Dallas DC,SKU-554,4361,220,474,BIN-17
Dallas DC,SKU-957,3327,206,492,BIN-32
Tokyo Port,SKU-104,1164,422,397,BIN-15
Tokyo Port,SKU-606,9783,301,309,BIN-4
Berlin Factory,SKU-712,2140,3,228,BIN-5
Berlin Factory,SKU-525,6774,255,202,BIN-9
Tokyo Port,SKU-771,7472,364,286,BIN-6
Dallas DC,SKU-441,6053,190,313,BIN-32
Tokyo Port,SKU-596,489,125,102,BIN-3
Tokyo Port,SKU-405,1593,193,360,BIN-14
Berlin Factory,SKU-657,2243,290,422,BIN-23
Berlin Factory,SKU-326,7131,172,449,BIN-26
Berlin Factory,SKU-367,8796,185,277,BIN-17
Tokyo Port,SKU-625,6348,154,239,BIN-2
Berlin Factory,SKU-656,1741,468,280,BIN-21
Dallas DC,SKU-114,9922,313,402,BIN-1
Berlin Factory,SKU-356,2442,370,144,BIN-33
Dallas DC,SKU-346,7996,490,221,BIN-30
Dallas DC,SKU-319,1331,36,296,BIN-8
Tokyo Port,SKU-974,9086,125,491,BIN-18
Berlin Factory,SKU-618,2061,365,452,BIN-13
Dallas DC,SKU-381,1697,486,460,BIN-21
Berlin Factory,SKU-345,8565,6,394,BIN-13
Tokyo Port,SKU-960,4547,481,291,BIN-24
Tokyo Port,SKU-545,5964,402,168,BIN-4
Dallas DC,SKU-425,1053,437,188,BIN-36
Dallas DC,SKU-297,9620,244,172,BIN-13
Dallas DC,SKU-186,7002,407,381,BIN-11
Berlin Factory,SKU-451,97,465,237,BIN-12
Tokyo Port,SKU-718,4833,461,193,BIN-29
Dallas DC,SKU-503,3162,354,255,BIN-6
Tokyo Port,SKU-609,428,282,117,BIN-27
Dallas DC,SKU-978,579,327,116,BIN-21
Tokyo Port,SKU-359,7756,139,199,BIN-30
Tokyo Port,SKU-991,2331,189,446,BIN-8
Dallas DC,SKU-165,622,448,190,BIN-18
Tokyo Port,SKU-903,7535,69,153,BIN-36
Berlin Factory,SKU-466,1205,135,262,BIN-7
Berlin Factory,SKU-389,72,405,291,BIN-30
Dallas DC,SKU-823,1846,390,427,BIN-33
Berlin Factory,SKU-387,445,366,195,BIN-27
Berlin Factory,SKU-536,2406,410,215,BIN-30
Dallas DC,SKU-457,3409,78,211,BIN-34
Berlin Factory,SKU-780,3291,36,235,BIN-5
Dallas DC,SKU-741,3853,473,394,BIN-21
Tokyo Port,SKU-898,4300,83,304,BIN-29
Tokyo Port,SKU-818,314,226,496,BIN-15
Dallas DC,SKU-970,7866,461,295,BIN-20
Berlin Factory,SKU-341,6853,153,199,BIN-6
Tokyo Port,SKU-103,5777,256,269,BIN-2
Berlin Factory,SKU-897,9899,328,458,BIN-11
Dallas DC,SKU-965,9843,72,294,BIN-22
Tokyo Port,SKU-279,6224,480,146,BIN-22
Tokyo Port,SKU-933,4167,339,192,BIN-7
Tokyo Port,SKU-322,8249,19,157,BIN-4
Tokyo Port,SKU-557,5718,51,204,BIN-30
Berlin Factory,SKU-208,6638,23,211,BIN-37
Dallas DC,SKU-911,6104,295,157,BIN-3
Tokyo Port,SKU-917,1778,297,119,BIN-6
Dallas DC,SKU-389,8621,139,430,BIN-33
Dallas DC,SKU-599,5166,178,273,BIN-7
Dallas DC,SKU-975,8173,361,339,BIN-25
Berlin Factory,SKU-717,7021,168,164,BIN-11
Berlin Factory,SKU-636,5631,168,294,BIN-4
Berlin Factory,SKU-293,6031,291,444,BIN-4
Berlin Factory,SKU-982,8928,478,174,BIN-9
Dallas DC,SKU-448,6684,204,369,BIN-4
Berlin Factory,SKU-513,861,35,470,BIN-30
Dallas DC,SKU-756,990,146,385,BIN-33
Berlin Factory,SKU-768,4610,192,268,BIN-26
Dallas DC,SKU-822,5540,349,414,BIN-32
Berlin Factory,SKU-855,4964,180,284,BIN-36
Berlin Factory,SKU-486,8331,200,135,BIN-20
Berlin Factory,SKU-357,4686,124,273,BIN-22
Tokyo Port,SKU-712,8906,419,238,BIN-38
Tokyo Port,SKU-119,5643,306,129,BIN-5
Tokyo Port,SKU-900,871,481,334,BIN-31
Tokyo Port,SKU-454,5704,278,441,BIN-27
Berlin Factory,SKU-854,9679,491,472,BIN-26
Berlin Factory,SKU-723,4882,26,377,BIN-37
Tokyo Port,SKU-593,4435,347,165,BIN-23
Tokyo Port,SKU-451,8916,370,179,BIN-9
Dallas DC,SKU-196,1797,441,347,BIN-31
Tokyo Port,SKU-108,9739,97,296,BIN-16
Tokyo Port,SKU-940,2951,306,245,BIN-13
Dallas DC,SKU-607,2503,487,304,BIN-7
Berlin Factory,SKU-324,8598,343,144,BIN-11
Tokyo Port,SKU-677,9868,103,480,BIN-35
Berlin Factory,SKU-375,1396,390,233,BIN-21
Berlin Factory,SKU-987,1241,466,117,BIN-6
Dallas DC,SKU-556,1941,234,187,BIN-35
Tokyo Port,SKU-494,9919,249,399,BIN-11
Tokyo Port,SKU-371,7541,220,403,BIN-7
Berlin Factory,SKU-506,8243,108,217,BIN-18
Tokyo Port,SKU-880,253,89,424,BIN-32
Tokyo Port,SKU-151,3693,182,363,BIN-23
Berlin Factory,SKU-848,8171,277,124,BIN-15
Dallas DC,SKU-793,2660,187,494,BIN-30
Dallas DC,SKU-570,2293,112,388,BIN-13
Tokyo Port,SKU-156,2651,99,472,BIN-13
Dallas DC,SKU-302,9926,248,201,BIN-6
Dallas DC,SKU-765,7438,354,370,BIN-26
Dallas DC,SKU-947,243,463,442,BIN-39
Berlin Factory,SKU-395,5337,176,491,BIN-10
Tokyo Port,SKU-867,7937,246,383,BIN-35
Dallas DC,SKU-839,3631,72,117,BIN-5
Tokyo Port,SKU-643,6339,474,211,BIN-1
Dallas DC,SKU-714,1489,319,122,BIN-3
Tokyo Port,SKU-150,2388,127,360,BIN-27
Berlin Factory,SKU-891,6608,188,363,BIN-24
Tokyo Port,SKU-593,8149,499,184,BIN-3
Tokyo Port,SKU-954,2248,215,474,BIN-6
Tokyo Port,SKU-547,5296,488,161,BIN-20
Dallas DC,SKU-380,7747,152,393,BIN-13
Dallas DC,SKU-478,9488,350,128,BIN-22
Berlin Factory,SKU-114,6437,106,389,BIN-20
Berlin Factory,SKU-550,8925,137,462,BIN-6
Berlin Factory,SKU-134,6007,446,354,BIN-29
Tokyo Port,SKU-541,953,59,258,BIN-6
Tokyo Port,SKU-321,377,313,186,BIN-30
Dallas DC,SKU-577,6915,479,140,BIN-7
Dallas DC,SKU-148,7551,171,221,BIN-39
Dallas DC,SKU-224,8735,62,238,BIN-19
Dallas DC,SKU-533,832,365,148,BIN-14
Berlin Factory,SKU-767,2359,21,292,BIN-40
Dallas DC,SKU-702,6915,467,104,BIN-16
Tokyo Port,SKU-260,733,393,171,BIN-32
Berlin Factory,SKU-602,3655,315,206,BIN-33
Tokyo Port,SKU-959,6178,486,486,BIN-36
Berlin Factory,SKU-819,6541,40,143,BIN-19
Dallas DC,SKU-137,8453,49,140,BIN-5
Dallas DC,SKU-280,3213,434,251,BIN-19
Tokyo Port,SKU-830,438,91,441,BIN-35
Tokyo Port,SKU-602,7210,156,370,BIN-13
Berlin Factory,SKU-549,3996,8,465,BIN-26
Tokyo Port,SKU-160,6947,94,485,BIN-27
Tokyo Port,SKU-382,7517,113,127,BIN-6
Tokyo Port,SKU-186,2674,111,171,BIN-18
Berlin Factory,SKU-705,3764,124,236,BIN-26
Berlin Factory,SKU-277,2037,485,418,BIN-29
Dallas DC,SKU-517,2169,62,146,BIN-7
Berlin Factory,SKU-857,551,128,271,BIN-24
Berlin Factory,SKU-266,3085,332,326,BIN-18
Dallas DC,SKU-171,2180,463,488,BIN-15
Tokyo Port,SKU-664,9314,461,250,BIN-9
Dallas DC,SKU-588,9760,340,304,BIN-21
Tokyo Port,SKU-229,2140,421,420,BIN-37
Tokyo Port,SKU-482,2557,167,481,BIN-13
Berlin Factory,SKU-712,2648,161,457,BIN-34
Dallas DC,SKU-375,8120,98,350,BIN-23
Tokyo Port,SKU-156,5006,351,150,BIN-38
Dallas DC,SKU-124,1638,387,206,BIN-15
Tokyo Port,SKU-754,2246,340,105,BIN-12
Tokyo Port,SKU-481,4831,170,455,BIN-16
Tokyo Port,SKU-444,852,216,418,BIN-7
Dallas DC,SKU-213,8896,155,291,BIN-9
Tokyo Port,SKU-725,3715,495,462,BIN-19
Dallas DC,SKU-467,9646,320,272,BIN-30
Berlin Factory,SKU-770,3427,386,470,BIN-4
Berlin Factory,SKU-591,5584,251,132,BIN-24
Berlin Factory,SKU-696,4344,47,312,BIN-2
Berlin Factory,SKU-694,6102,145,280,BIN-29
Berlin Factory,SKU-703,4911,97,305,BIN-30
Berlin Factory,SKU-231,8952,464,229,BIN-24
Dallas DC,SKU-937,5920,477,318,BIN-2
Tokyo Port,SKU-395,3923,427,136,BIN-33
Tokyo Port,SKU-996,3673,424,255,BIN-22
Dallas DC,SKU-583,5907,282,262,BIN-6
Tokyo Port,SKU-540,9690,500,230,BIN-28
Berlin Factory,SKU-879,4262,178,303,BIN-5
Tokyo Port,SKU-751,8581,42,352,BIN-14
Berlin Factory,SKU-875,4823,343,173,BIN-6
Tokyo Port,SKU-550,9872,412,180,BIN-27
Tokyo Port,SKU-997,9633,97,345,BIN-14
Berlin Factory,SKU-543,5493,70,472,BIN-35
Tokyo Port,SKU-188,247,454,197,BIN-14
Berlin Factory,SKU-816,6601,304,410,BIN-30
Berlin Factory,SKU-416,4382,496,365,BIN-39
Dallas DC,SKU-873,3445,337,230,BIN-38
Tokyo Port,SKU-172,5348,26,349,BIN-22
Berlin Factory,SKU-975,2626,206,217,BIN-37
Berlin Factory,SKU-219,5552,99,154,BIN-24
Berlin Factory,SKU-795,6763,74,398,BIN-22
Dallas DC,SKU-965,5244,112,143,BIN-35
Berlin Factory,SKU-663,5212,26,457,BIN-10
Tokyo Port,SKU-846,4158,26,115,BIN-36
Tokyo Port,SKU-949,2386,47,396,BIN-29
Berlin Factory,SKU-985,7591,489,245,BIN-6
Dallas DC,SKU-225,663,1,381,BIN-18
Dallas DC,SKU-406,6661,126,198,BIN-1
Berlin Factory,SKU-420,1266,246,287,BIN-8
Dallas DC,SKU-502,1050,262,481,BIN-32
Tokyo Port,SKU-134,8891,342,331,BIN-26
Berlin Factory,SKU-365,3469,331,271,BIN-31
Tokyo Port,SKU-394,6198,295,326,BIN-32
Dallas DC,SKU-549,7851,431,205,BIN-1
Dallas DC,SKU-583,7856,136,360,BIN-23
Dallas DC,SKU-934,5482,290,473,BIN-11
Tokyo Port,SKU-247,482,199,257,BIN-23
Dallas DC,SKU-963,4647,477,178,BIN-9
Tokyo Port,SKU-355,5725,17,459,BIN-38
Berlin Factory,SKU-910,7913,282,156,BIN-23
Tokyo Port,SKU-259,6270,369,258,BIN-29
Berlin Factory,SKU-555,2399,269,124,BIN-5
Berlin Factory,SKU-977,4063,160,495,BIN-33
Dallas DC,SKU-156,1641,188,220,BIN-37
Berlin Factory,SKU-699,3774,230,442,BIN-37
Dallas DC,SKU-130,3308,83,358,BIN-4
Dallas DC,SKU-938,5079,116,259,BIN-5
Berlin Factory,SKU-177,980,172,368,BIN-36
Dallas DC,SKU-700,7376,84,216,BIN-5
Dallas DC,SKU-217,7666,304,459,BIN-39
Berlin Factory,SKU-535,2092,451,380,BIN-36
Dallas DC,SKU-511,2988,305,308,BIN-34
Dallas DC,SKU-400,2827,150,478,BIN-32
Dallas DC,SKU-730,6332,398,317,BIN-5
Dallas DC,SKU-932,5938,115,387,BIN-18
Berlin Factory,SKU-578,6075,317,309,BIN-28
Dallas DC,SKU-724,7530,291,124,BIN-22
Dallas DC,SKU-467,7598,381,390,BIN-38
Tokyo Port,SKU-800,1319,117,450,BIN-10
Dallas DC,SKU-402,6516,475,105,BIN-1
Dallas DC,SKU-660,9077,418,196,BIN-5
Berlin Factory,SKU-300,3394,80,167,BIN-15
Berlin Factory,SKU-684,8301,268,346,BIN-32
Dallas DC,SKU-258,3148,94,110,BIN-3
Berlin Factory,SKU-999,3473,329,158,BIN-18
Tokyo Port,SKU-947,5165,414,198,BIN-1
Tokyo Port,SKU-402,8321,365,138,BIN-11
Berlin Factory,SKU-198,7790,87,104,BIN-1
Tokyo Port,SKU-266,8983,183,177,BIN-16
Dallas DC,SKU-981,883,65,198,BIN-17
Dallas DC,SKU-736,5315,203,131,BIN-12
Dallas DC,SKU-954,7167,465,245,BIN-8
Berlin Factory,SKU-588,9951,285,324,BIN-24
Dallas DC,SKU-145,5052,48,421,BIN-23
Berlin Factory,SKU-332,2677,289,294,BIN-34
Tokyo Port,SKU-211,5388,415,311,BIN-16
Berlin Factory,SKU-982,3194,471,364,BIN-30
Berlin Factory,SKU-189,324,186,210,BIN-12
Dallas DC,SKU-329,1022,347,235,BIN-40
Berlin Factory,SKU-399,7687,304,274,BIN-9
Dallas DC,SKU-505,938,133,252,BIN-39
Berlin Factory,SKU-808,9046,14,147,BIN-9
Tokyo Port,SKU-677,3230,68,240,BIN-30
Berlin Factory,SKU-468,351,410,131,BIN-39
Dallas DC,SKU-449,7118,476,381,BIN-9
Dallas DC,SKU-399,5469,303,166,BIN-39
Tokyo Port,SKU-403,8727,227,480,BIN-13
Dallas DC,SKU-243,5245,276,472,BIN-21
Berlin Factory,SKU-136,8471,154,284,BIN-32
Berlin Factory,SKU-650,826,284,173,BIN-7
Dallas DC,SKU-990,7397,380,355,BIN-8
Berlin Factory,SKU-168,8920,51,355,BIN-35
Dallas DC,SKU-488,6438,331,108,BIN-29
Berlin Factory,SKU-390,2663,180,457,BIN-26
Dallas DC,SKU-243,8213,22,344,BIN-39
Dallas DC,SKU-819,638,357,447,BIN-5
Berlin Factory,SKU-336,3860,260,432,BIN-30
Dallas DC,SKU-371,2404,448,436,BIN-10
Dallas DC,SKU-763,3324,4,231,BIN-6
Berlin Factory,SKU-810,5939,158,285,BIN-8
Berlin Factory,SKU-616,50,130,395,BIN-4
Dallas DC,SKU-405,4857,242,424,BIN-11
Dallas DC,SKU-167,1203,89,157,BIN-39
Berlin Factory,SKU-975,1156,225,368,BIN-8
Tokyo Port,SKU-637,8368,479,398,BIN-40
Berlin Factory,SKU-440,6021,73,386,BIN-34
Berlin Factory,SKU-963,8836,21,129,BIN-7
Dallas DC,SKU-149,6958,189,200,BIN-21
Dallas DC,SKU-450,7134,312,128,BIN-3
Dallas DC,SKU-858,4781,487,308,BIN-17
Tokyo Port,SKU-473,4361,474,397,BIN-33
Tokyo Port,SKU-716,2133,202,461,BIN-28
Berlin Factory,SKU-372,6760,133,166,BIN-12
Tokyo Port,SKU-849,6156,254,318,BIN-32
Dallas DC,SKU-502,6045,399,383,BIN-27
Dallas DC,SKU-479,1331,464,235,BIN-19
Tokyo Port,SKU-737,8202,49,391,BIN-24
Berlin Factory,SKU-688,1351,3,120,BIN-14
Tokyo Port,SKU-322,8100,477,312,BIN-4
Tokyo Port,SKU-870,7904,110,240,BIN-17
Tokyo Port,SKU-610,5351,194,222,BIN-12
Dallas DC,SKU-995,4408,334,455,BIN-19
Tokyo Port,SKU-563,2825,140,467,BIN-34
Tokyo Port,SKU-972,550,165,244,BIN-31
Berlin Factory,SKU-471,8564,499,192,BIN-11
Tokyo Port,SKU-604,1924,342,435,BIN-14
Tokyo Port,SKU-497,4227,121,199,BIN-15
Tokyo Port,SKU-544,5748,473,481,BIN-33
Dallas DC,SKU-231,9086,402,273,BIN-4
Tokyo Port,SKU-238,9053,189,131,BIN-1
Tokyo Port,SKU-434,1626,249,267,BIN-38
Tokyo Port,SKU-494,3350,451,400,BIN-18
Berlin Factory,SKU-808,4162,300,435,BIN-3
Dallas DC,SKU-115,655,78,193,BIN-24
Berlin Factory,SKU-875,5588,213,330,BIN-1
Dallas DC,SKU-150,4418,231,306,BIN-34
Dallas DC,SKU-613,9371,143,411,BIN-2
Berlin Factory,SKU-454,7755,265,463,BIN-6
Berlin Factory,SKU-207,2227,13,299,BIN-27
Berlin Factory,SKU-929,1850,285,149,BIN-25
Dallas DC,SKU-994,6042,152,108,BIN-14
Dallas DC,SKU-490,2730,15,454,BIN-38
Dallas DC,SKU-278,1978,336,157,BIN-33
Berlin Factory,SKU-991,5447,258,244,BIN-6
Dallas DC,SKU-920,9585,69,272,BIN-26
Berlin Factory,SKU-882,6169,236,213,BIN-28
Berlin Factory,SKU-997,7475,154,216,BIN-26
Dallas DC,SKU-207,8408,9,101,BIN-24
Dallas DC,SKU-149,3761,86,459,BIN-19
Dallas DC,SKU-603,4833,226,414,BIN-38
Tokyo Port,SKU-916,7602,322,485,BIN-35
Dallas DC,SKU-374,9269,201,486,BIN-15
Dallas DC,SKU-745,9806,321,270,BIN-21
Dallas DC,SKU-349,3121,82,371,BIN-11
Dallas DC,SKU-926,9864,202,398,BIN-14
Dallas DC,SKU-452,2308,443,215,BIN-7
Berlin Factory,SKU-751,3923,378,202,BIN-8
Tokyo Port,SKU-189,8449,485,409,BIN-23
Dallas DC,SKU-932,3814,18,364,BIN-6
Dallas DC,SKU-358,4606,72,149,BIN-7
Dallas DC,SKU-278,9569,91,220,BIN-2
Berlin Factory,SKU-845,5623,493,302,BIN-32
Berlin Factory,SKU-451,344,186,392,BIN-22
Dallas DC,SKU-494,3734,310,496,BIN-1
Dallas DC,SKU-637,5677,201,166,BIN-17
Dallas DC,SKU-276,7758,126,146,BIN-24
Berlin Factory,SKU-983,4608,497,134,BIN-36
Berlin Factory,SKU-383,8792,437,375,BIN-22
Berlin Factory,SKU-115,4510,109,201,BIN-4
Dallas DC,SKU-421,5454,128,251,BIN-30
Tokyo Port,SKU-543,5652,472,449,BIN-33
Tokyo Port,SKU-492,43,49,138,BIN-15
Berlin Factory,SKU-342,9352,402,218,BIN-29
Berlin Factory,SKU-381,5517,154,490,BIN-2
Dallas DC,SKU-891,1861,176,291,BIN-33
Dallas DC,SKU-180,5592,478,342,BIN-4
Berlin Factory,SKU-156,6706,323,101,BIN-16
Berlin Factory,SKU-375,7973,30,225,BIN-16
Berlin Factory,SKU-699,3172,146,247,BIN-33
Dallas DC,SKU-429,5040,453,409,BIN-19
Dallas DC,SKU-914,968,207,218,BIN-29
Dallas DC,SKU-254,5561,0,208,BIN-36
Berlin Factory,SKU-614,5565,258,170,BIN-21
Berlin Factory,SKU-909,7587,375,305,BIN-37
Dallas DC,SKU-834,8004,172,366,BIN-7
Tokyo Port,SKU-665,3525,181,345,BIN-33
Tokyo Port,SKU-551,139,98,349,BIN-29
Tokyo Port,SKU-456,6852,82,114,BIN-28
Dallas DC,SKU-785,4757,35,141,BIN-40
Dallas DC,SKU-103,3888,103,304,BIN-1
Tokyo Port,SKU-249,3737,475,227,BIN-2
Tokyo Port,SKU-595,1357,42,400,BIN-13
Dallas DC,SKU-130,8338,22,429,BIN-3
Berlin Factory,SKU-816,960,337,279,BIN-16
Berlin Factory,SKU-655,7346,72,439,BIN-1
Dallas DC,SKU-488,3657,56,431,BIN-5
Berlin Factory,SKU-260,3225,227,151,BIN-25
Berlin Factory,SKU-676,7435,400,479,BIN-2
Tokyo Port,SKU-621,8825,457,327,BIN-17
Tokyo Port,SKU-467,4011,109,117,BIN-30
Berlin Factory,SKU-533,496,115,363,BIN-34
Dallas DC,SKU-653,372,361,199,BIN-17
Berlin Factory,SKU-584,7004,58,462,BIN-30
Dallas DC,SKU-725,3518,276,304,BIN-24
Tokyo Port,SKU-784,6455,315,328,BIN-34
Tokyo Port,SKU-286,4514,3,352,BIN-25
Tokyo Port,SKU-909,4066,371,454,BIN-36
Tokyo Port,SKU-352,4937,165,402,BIN-8
Berlin Factory,SKU-415,3835,418,396,BIN-1
Tokyo Port,SKU-524,9804,220,308,BIN-23
Tokyo Port,SKU-330,8502,493,462,BIN-34
Berlin Factory,SKU-226,2665,227,339,BIN-13
Berlin Factory,SKU-732,1007,174,324,BIN-29
Dallas DC,SKU-639,2465,449,185,BIN-9
Dallas DC,SKU-907,4974,331,210,BIN-13
Berlin Factory,SKU-588,8699,483,469,BIN-6
Tokyo Port,SKU-618,5519,3,272,BIN-34
Berlin Factory,SKU-650,335,478,234,BIN-3
Berlin Factory,SKU-973,123,40,436,BIN-13
Dallas DC,SKU-548,8741,59,127,BIN-39
Dallas DC,SKU-361,3582,415,251,BIN-21
Berlin Factory,SKU-772,7330,209,447,BIN-21
Berlin Factory,SKU-660,7714,287,245,BIN-2
Tokyo Port,SKU-312,8268,139,259,BIN-30
Berlin Factory,SKU-175,7263,236,122,BIN-11
Tokyo Port,SKU-103,590,284,138,BIN-14
Berlin Factory,SKU-575,3947,95,425,BIN-14
Tokyo Port,SKU-975,9201,13,329,BIN-10
Tokyo Port,SKU-419,8480,388,477,BIN-39
Berlin Factory,SKU-262,6304,205,280,BIN-34
Berlin Factory,SKU-854,6242,368,356,BIN-37
Berlin Factory,SKU-143,9104,44,315,BIN-20
Dallas DC,SKU-480,5583,370,386,BIN-39
Berlin Factory,SKU-577,2211,493,116,BIN-26
Tokyo Port,SKU-541,1067,291,484,BIN-8
Tokyo Port,SKU-714,4906,457,461,BIN-15
Tokyo Port,SKU-820,9473,242,294,BIN-31
Dallas DC,SKU-712,9253,202,347,BIN-34
Tokyo Port,SKU-572,9847,450,460,BIN-30
Berlin Factory,SKU-784,6891,206,405,BIN-39
Tokyo Port,SKU-936,4658,484,293,BIN-22
Tokyo Port,SKU-951,1352,46,344,BIN-31
Berlin Factory,SKU-887,1381,105,450,BIN-14
Dallas DC,SKU-582,1799,477,428,BIN-39
Tokyo Port,SKU-222,631,196,434,BIN-4
Berlin Factory,SKU-796,1443,171,118,BIN-14
Tokyo Port,SKU-767,8700,255,322,BIN-8
Tokyo Port,SKU-646,2740,338,296,BIN-29
Berlin Factory,SKU-608,3884,283,474,BIN-18
Berlin Factory,SKU-715,120,28,206,BIN-2
Tokyo Port,SKU-345,5796,260,270,BIN-34
Berlin Factory,SKU-130,5017,466,113,BIN-22
Tokyo Port,SKU-721,9471,495,349,BIN-31
Berlin Factory,SKU-503,6902,315,102,BIN-21
Dallas DC,SKU-221,4030,50,286,BIN-6
Tokyo Port,SKU-157,8620,362,126,BIN-36
Dallas DC,SKU-468,8818,5,113,BIN-4
Berlin Factory,SKU-806,4602,241,418,BIN-40
Berlin Factory,SKU-660,3899,65,225,BIN-2
Dallas DC,SKU-561,1208,263,402,BIN-8
Tokyo Port,SKU-576,6563,153,125,BIN-3
Tokyo Port,SKU-377,4514,219,460,BIN-29
Tokyo Port,SKU-527,3179,39,221,BIN-25
Berlin Factory,SKU-589,95,183,448,BIN-4
Dallas DC,SKU-658,3703,249,106,BIN-16
Berlin Factory,SKU-840,2829,490,391,BIN-40
Dallas DC,SKU-134,1087,449,274,BIN-22
Dallas DC,SKU-440,2468,404,318,BIN-9
Dallas DC,SKU-645,188,426,201,BIN-31
Dallas DC,SKU-974,4627,437,248,BIN-33
Tokyo Port,SKU-174,3102,297,260,BIN-9
Dallas DC,SKU-829,5860,404,228,BIN-13
Tokyo Port,SKU-461,572,168,487,BIN-29
Dallas DC,SKU-233,1922,119,273,BIN-6
Dallas DC,SKU-258,1660,334,133,BIN-13
Tokyo Port,SKU-852,9498,175,167,BIN-2
Tokyo Port,SKU-430,9290,231,164,BIN-2
Tokyo Port,SKU-754,5270,275,120,BIN-22
Tokyo Port,SKU-711,537,24,348,BIN-25
Dallas DC,SKU-213,713,19,203,BIN-2
Berlin Factory,SKU-261,4494,21,194,BIN-21
Berlin Factory,SKU-626,7009,349,451,BIN-36
Dallas DC,SKU-260,5864,224,315,BIN-16
Dallas DC,SKU-864,5235,46,227,BIN-2
Dallas DC,SKU-490,9190,66,329,BIN-19
Berlin Factory,SKU-995,1262,368,303,BIN-10
Berlin Factory,SKU-344,7343,440,191,BIN-40
Dallas DC,SKU-582,9271,137,264,BIN-12
Dallas DC,SKU-810,2951,143,358,BIN-14
Tokyo Port,SKU-414,938,25,390,BIN-33
Dallas DC,SKU-819,4758,374,375,BIN-27
Dallas DC,SKU-360,4895,294,306,BIN-34
Tokyo Port,SKU-733,371,119,186,BIN-35
Berlin Factory,SKU-393,864,377,228,BIN-28
Dallas DC,SKU-100,9411,111,128,BIN-27
Berlin Factory,SKU-350,5529,284,184,BIN-19
Tokyo Port,SKU-462,3090,363,266,BIN-8
Dallas DC,SKU-941,6407,194,380,BIN-18
Dallas DC,SKU-115,1515,456,264,BIN-26
Tokyo Port,SKU-790,5034,332,292,BIN-37
Berlin Factory,SKU-633,3542,323,135,BIN-27
Tokyo Port,SKU-344,7346,153,273,BIN-3
Tokyo Port,SKU-466,767,27,412,BIN-39
Berlin Factory,SKU-990,3549,355,444,BIN-24
Tokyo Port,SKU-563,2010,129,322,BIN-23
Berlin Factory,SKU-953,3345,112,189,BIN-1
Berlin Factory,SKU-627,7535,96,424,BIN-16
Tokyo Port,SKU-441,6610,427,136,BIN-23
Dallas DC,SKU-563,8224,220,338,BIN-34
Berlin Factory,SKU-223,9966,225,169,BIN-4
Tokyo Port,SKU-403,970,493,497,BIN-7
Tokyo Port,SKU-656,5727,361,277,BIN-6
Dallas DC,SKU-302,3091,201,253,BIN-35
Tokyo Port,SKU-619,5889,129,293,BIN-12
Tokyo Port,SKU-986,8449,129,167,BIN-14
Tokyo Port,SKU-755,3745,59,103,BIN-15
Berlin Factory,SKU-844,6265,322,385,BIN-40
Dallas DC,SKU-638,5103,399,293,BIN-6
Berlin Factory,SKU-461,6555,41,230,BIN-2
Dallas DC,SKU-325,6232,238,198,BIN-1
Dallas DC,SKU-809,5235,70,239,BIN-39
Tokyo Port,SKU-944,2877,0,355,BIN-20
Berlin Factory,SKU-459,4974,336,416,BIN-26
Berlin Factory,SKU-351,1673,320,374,BIN-5
Tokyo Port,SKU-448,4117,254,375,BIN-37
Berlin Factory,SKU-570,9305,296,205,BIN-13
Berlin Factory,SKU-197,7687,378,339,BIN-27
Tokyo Port,SKU-184,1214,259,325,BIN-7
Tokyo Port,SKU-320,1198,287,374,BIN-39
Tokyo Port,SKU-137,8028,342,417,BIN-10
Tokyo Port,SKU-613,9447,324,143,BIN-5
Tokyo Port,SKU-574,6455,53,317,BIN-8
Tokyo Port,SKU-879,8212,490,446,BIN-29
Tokyo Port,SKU-166,959,341,243,BIN-17
Dallas DC,SKU-242,3793,308,416,BIN-17
Tokyo Port,SKU-460,9391,267,217,BIN-23
Dallas DC,SKU-124,4477,422,321,BIN-27
Tokyo Port,SKU-138,3487,83,249,BIN-1
Berlin Factory,SKU-441,6901,371,478,BIN-36
Berlin Factory,SKU-276,9759,295,402,BIN-22
Dallas DC,SKU-796,5451,22,267,BIN-30
Berlin Factory,SKU-291,5537,191,446,BIN-4
Dallas DC,SKU-552,6001,482,265,BIN-30
Dallas DC,SKU-457,7390,324,474,BIN-2
Tokyo Port,SKU-992,5994,377,224,BIN-39
Berlin Factory,SKU-119,2434,319,335,BIN-18
Berlin Factory,SKU-869,7089,29,283,BIN-39
Tokyo Port,SKU-242,2772,204,224,BIN-39
Dallas DC,SKU-249,639,372,464,BIN-29
Tokyo Port,SKU-275,1621,473,432,BIN-2
Dallas DC,SKU-164,9721,482,476,BIN-39
Berlin Factory,SKU-297,6752,173,383,BIN-40
Tokyo Port,SKU-501,5594,392,453,BIN-17
Tokyo Port,SKU-994,2020,146,306,BIN-12
Dallas DC,SKU-278,9674,44,263,BIN-19
Tokyo Port,SKU-196,5162,184,427,BIN-32
Berlin Factory,SKU-383,1375,334,100,BIN-40
Dallas DC,SKU-969,2164,284,255,BIN-27
Tokyo Port,SKU-716,1012,460,446,BIN-33
Tokyo Port,SKU-887,5035,126,455,BIN-16
Berlin Factory,SKU-800,1443,180,429,BIN-30
Tokyo Port,SKU-954,1942,318,455,BIN-27
Berlin Factory,SKU-894,9444,107,332,BIN-39
Berlin Factory,SKU-169,8733,196,212,BIN-1
Dallas DC,SKU-624,2985,114,500,BIN-3
Dallas DC,SKU-614,9810,349,195,BIN-18
Dallas DC,SKU-406,9495,323,166,BIN-38
Tokyo Port,SKU-449,3031,114,374,BIN-1
Tokyo Port,SKU-649,4318,488,260,BIN-27
Dallas DC,SKU-169,446,143,207,BIN-2
Berlin Factory,SKU-656,1493,336,252,BIN-17
Tokyo Port,SKU-216,5655,110,437,BIN-17
Berlin Factory,SKU-252,1747,62,141,BIN-9
Tokyo Port,SKU-849,3717,91,344,BIN-32
Tokyo Port,SKU-675,793,450,131,BIN-27
Berlin Factory,SKU-231,4010,184,222,BIN-6
Berlin Factory,SKU-254,5541,97,227,BIN-24
Dallas DC,SKU-457,5724,375,342,BIN-36
Dallas DC,SKU-622,7037,97,351,BIN-34
Berlin Factory,SKU-466,429,292,317,BIN-11
Dallas DC,SKU-785,1891,465,377,BIN-20
Dallas DC,SKU-380,7466,105,278,BIN-38
Berlin Factory,SKU-622,2163,0,310,BIN-11
Dallas DC,SKU-507,9383,403,287,BIN-3
Dallas DC,SKU-465,683,68,101,BIN-2
Tokyo Port,SKU-632,8940,93,238,BIN-3
Berlin Factory,SKU-421,8357,49,338,BIN-10
Tokyo Port,SKU-451,8151,119,184,BIN-33
Berlin Factory,SKU-879,3978,319,362,BIN-21
Berlin Factory,SKU-458,620,412,160,BIN-14
Dallas DC,SKU-572,5446,289,256,BIN-14
Dallas DC,SKU-455,5382,179,184,BIN-24
Dallas DC,SKU-602,4953,464,412,BIN-2
Tokyo Port,SKU-984,5076,225,481,BIN-12
Tokyo Port,SKU-901,3032,402,152,BIN-12
Dallas DC,SKU-852,4086,347,363,BIN-39
Tokyo Port,SKU-330,7243,222,385,BIN-17
Dallas DC,SKU-664,7699,89,417,BIN-15
Dallas DC,SKU-577,4363,150,115,BIN-2
Berlin Factory,SKU-721,275,10,493,BIN-30
Berlin Factory,SKU-518,8194,7,284,BIN-7
Tokyo Port,SKU-965,4233,440,133,BIN-37
Dallas DC,SKU-101,7677,118,260,BIN-5
Berlin Factory,SKU-416,6894,252,249,BIN-20
Berlin Factory,SKU-419,2043,129,287,BIN-31
Berlin Factory,SKU-101,995,208,256,BIN-3
Dallas DC,SKU-746,7107,249,168,BIN-15
Tokyo Port,SKU-824,1088,386,227,BIN-29
Berlin Factory,SKU-686,4890,451,351,BIN-40
Dallas DC,SKU-655,5273,211,155,BIN-21
Dallas DC,SKU-199,2129,312,362,BIN-10
Tokyo Port,SKU-756,2783,379,173,BIN-26
Tokyo Port,SKU-252,7076,65,283,BIN-9
Dallas DC,SKU-188,6872,282,344,BIN-13
Dallas DC,SKU-328,7313,241,408,BIN-27
Dallas DC,SKU-987,3271,72,476,BIN-21
Tokyo Port,SKU-615,9748,281,183,BIN-20
Berlin Factory,SKU-253,1814,247,354,BIN-1
Berlin Factory,SKU-136,1968,385,462,BIN-2
Dallas DC,SKU-755,7053,250,448,BIN-20
Dallas DC,SKU-163,4762,61,263,BIN-39
Berlin Factory,SKU-317,5627,201,500,BIN-23
Dallas DC,SKU-207,9140,295,157,BIN-39
Tokyo Port,SKU-289,5245,64,338,BIN-24
Tokyo Port,SKU-879,1725,373,356,BIN-16
Dallas DC,SKU-125,5879,295,392,BIN-25
Dallas DC,SKU-303,8770,80,277,BIN-35
Dallas DC,SKU-899,6656,154,181,BIN-19
Berlin Factory,SKU-422,8584,248,449,BIN-5
Berlin Factory,SKU-648,9001,383,478,BIN-3
Berlin Factory,SKU-555,3782,338,251,BIN-18
Berlin Factory,SKU-378,1519,447,152,BIN-16
Berlin Factory,SKU-923,7692,409,411,BIN-6
Berlin Factory,SKU-935,2715,49,420,BIN-22
Berlin Factory,SKU-213,3245,463,380,BIN-35
Dallas DC,SKU-483,329,418,134,BIN-16
Berlin Factory,SKU-944,2696,319,371,BIN-35
Berlin Factory,SKU-916,8381,476,192,BIN-14
Tokyo Port,SKU-614,5242,277,390,BIN-20
Dallas DC,SKU-374,3330,439,403,BIN-7
Berlin Factory,SKU-564,2584,422,225,BIN-20
Dallas DC,SKU-124,5757,228,444,BIN-31
Berlin Factory,SKU-515,3973,425,496,BIN-37
Berlin Factory,SKU-638,6546,148,235,BIN-14
Berlin Factory,SKU-831,4082,102,277,BIN-38
Dallas DC,SKU-282,1145,72,408,BIN-9
Berlin Factory,SKU-940,617,252,214,BIN-12
Dallas DC,SKU-161,2854,138,235,BIN-8
Berlin Factory,SKU-870,2150,239,383,BIN-24
Dallas DC,SKU-812,2504,211,299,BIN-12
Berlin Factory,SKU-980,8621,132,109,BIN-9
Dallas DC,SKU-692,9173,219,247,BIN-24
Dallas DC,SKU-340,7873,472,444,BIN-5
Tokyo Port,SKU-889,1659,399,250,BIN-39
Berlin Factory,SKU-259,6687,395,255,BIN-1
Dallas DC,SKU-362,7574,421,269,BIN-28
Berlin Factory,SKU-912,3517,150,153,BIN-2
Tokyo Port,SKU-278,2835,208,225,BIN-18
Berlin Factory,SKU-192,1379,66,128,BIN-29
Tokyo Port,SKU-707,5462,151,294,BIN-35
Dallas DC,SKU-520,102,87,278,BIN-35
Dallas DC,SKU-584,9706,141,341,BIN-16
Berlin Factory,SKU-126,213,219,210,BIN-17
Dallas DC,SKU-671,6643,362,227,BIN-11
Tokyo Port,SKU-935,753,118,467,BIN-28
Tokyo Port,SKU-340,3568,297,469,BIN-9
Tokyo Port,SKU-214,6802,132,116,BIN-19
Berlin Factory,SKU-936,9037,334,124,BIN-36
Tokyo Port,SKU-636,5862,243,335,BIN-24
Dallas DC,SKU-502,8807,261,165,BIN-19
Berlin Factory,SKU-386,2287,228,437,BIN-5
Dallas DC,SKU-159,7707,447,426,BIN-8
Berlin Factory,SKU-928,4866,364,438,BIN-37
Tokyo Port,SKU-466,5395,129,330,BIN-17
Tokyo Port,SKU-922,5921,272,428,BIN-33
Tokyo Port,SKU-673,4768,198,492,BIN-18
Dallas DC,SKU-281,4121,36,383,BIN-16
Berlin Factory,SKU-325,8731,498,499,BIN-17
Tokyo Port,SKU-770,2745,126,174,BIN-38
Dallas DC,SKU-270,837,388,186,BIN-4
Tokyo Port,SKU-607,1079,435,377,BIN-39
Tokyo Port,SKU-134,2980,297,247,BIN-3
Tokyo Port,SKU-326,5994,2,128,BIN-16
Tokyo Port,SKU-412,6818,52,301,BIN-24
Berlin Factory,SKU-973,410,287,133,BIN-34
Tokyo Port,SKU-949,4722,302,460,BIN-14
Dallas DC,SKU-506,7906,130,440,BIN-4
Dallas DC,SKU-982,6853,154,386,BIN-15
Tokyo Port,SKU-355,1463,15,106,BIN-27
Berlin Factory,SKU-720,5081,339,153,BIN-37
Dallas DC,SKU-599,379,205,141,BIN-25
Tokyo Port,SKU-601,7263,90,140,BIN-35
Berlin Factory,SKU-820,2365,308,300,BIN-5
Dallas DC,SKU-812,8556,134,209,BIN-20
Dallas DC,SKU-742,6550,490,210,BIN-35
Berlin Factory,SKU-235,2867,414,433,BIN-38
Dallas DC,SKU-166,7012,335,209,BIN-35
Tokyo Port,SKU-842,2643,113,408,BIN-40
Dallas DC,SKU-280,3465,484,172,BIN-17
Dallas DC,SKU-747,8361,457,458,BIN-34
Berlin Factory,SKU-685,5438,311,318,BIN-15
Tokyo Port,SKU-431,7012,326,157,BIN-38
Berlin Factory,SKU-546,2298,137,225,BIN-21
Berlin Factory,SKU-760,4156,128,184,BIN-1
Berlin Factory,SKU-575,8949,412,429,BIN-8
Dallas DC,SKU-654,4544,162,415,BIN-5
Dallas DC,SKU-306,8855,306,469,BIN-4
Berlin Factory,SKU-258,2139,380,351,BIN-25
Berlin Factory,SKU-367,6876,253,296,BIN-26
Tokyo Port,SKU-393,2298,281,226,BIN-4
Tokyo Port,SKU-579,9793,371,493,BIN-12
Dallas DC,SKU-677,9416,435,411,BIN-31
Tokyo Port,SKU-672,7244,372,226,BIN-11
Dallas DC,SKU-525,6088,89,317,BIN-28
Berlin Factory,SKU-561,3229,5,356,BIN-33
Dallas DC,SKU-801,971,89,257,BIN-20
Tokyo Port,SKU-440,4592,127,440,BIN-4
Berlin Factory,SKU-442,7290,301,262,BIN-30
Berlin Factory,SKU-249,3801,416,500,BIN-18
Dallas DC,SKU-691,6785,453,351,BIN-2
Dallas DC,SKU-313,665,187,193,BIN-16
Tokyo Port,SKU-808,1938,106,262,BIN-32
Berlin Factory,SKU-434,1484,269,198,BIN-11
Tokyo Port,SKU-749,1371,171,391,BIN-28
Dallas DC,SKU-136,3889,380,354,BIN-36
Berlin Factory,SKU-681,1821,477,306,BIN-16
Tokyo Port,SKU-234,6982,332,464,BIN-7
Tokyo Port,SKU-360,5480,6,349,BIN-6
Berlin Factory,SKU-498,8195,21,301,BIN-10
Tokyo Port,SKU-103,3211,138,277,BIN-19
Berlin Factory,SKU-449,7498,36,322,BIN-2
Berlin Factory,SKU-938,4451,123,105,BIN-15
Berlin Factory,SKU-837,7367,164,296,BIN-20
Tokyo Port,SKU-783,9580,102,229,BIN-6
Tokyo Port,SKU-919,5994,29,221,BIN-3
Dallas DC,SKU-649,6954,430,332,BIN-22
Dallas DC,SKU-671,989,371,431,BIN-15
Berlin Factory,SKU-825,3424,477,248,BIN-12
Berlin Factory,SKU-644,5190,172,382,BIN-17
Dallas DC,SKU-514,1913,316,441,BIN-37
Dallas DC,SKU-574,2985,25,111,BIN-37
Berlin Factory,SKU-764,3142,172,306,BIN-2
Berlin Factory,SKU-671,7029,109,366,BIN-7
Dallas DC,SKU-244,4099,306,192,BIN-18
Berlin Factory,SKU-351,8597,118,469,BIN-19
Dallas DC,SKU-964,1761,252,390,BIN-30
Dallas DC,SKU-261,6674,175,437,BIN-17
Tokyo Port,SKU-645,5496,299,257,BIN-25
Tokyo Port,SKU-485,196,337,154,BIN-16
Tokyo Port,SKU-167,3135,411,499,BIN-2
Berlin Factory,SKU-513,9935,99,433,BIN-13
Dallas DC,SKU-614,6630,91,197,BIN-36
Tokyo Port,SKU-902,408,500,442,BIN-40
Berlin Factory,SKU-928,5125,31,150,BIN-28
Berlin Factory,SKU-256,2108,176,191,BIN-24
Dallas DC,SKU-444,8037,378,384,BIN-22
Berlin Factory,SKU-754,4633,163,422,BIN-32
Tokyo Port,SKU-472,4642,248,361,BIN-4
Dallas DC,SKU-728,6201,435,254,BIN-23
Tokyo Port,SKU-520,5822,324,264,BIN-19
Tokyo Port,SKU-756,1737,411,258,BIN-8
Berlin Factory,SKU-342,4236,274,270,BIN-31
Berlin Factory,SKU-927,6033,402,366,BIN-7
Tokyo Port,SKU-587,9585,12,321,BIN-29
Berlin Factory,SKU-853,3591,124,339,BIN-31
Dallas DC,SKU-867,9987,66,334,BIN-20
Tokyo Port,SKU-598,7079,202,370,BIN-27
Dallas DC,SKU-206,6113,148,423,BIN-2
Berlin Factory,SKU-920,1143,153,464,BIN-35
Tokyo Port,SKU-815,3511,22,440,BIN-16
Berlin Factory,SKU-653,9554,489,476,BIN-17
Berlin Factory,SKU-150,8933,461,272,BIN-11
Berlin Factory,SKU-674,4137,380,360,BIN-10
Tokyo Port,SKU-569,4165,122,285,BIN-9
Berlin Factory,SKU-475,2192,491,109,BIN-40
Dallas DC,SKU-127,7987,267,101,BIN-12
Dallas DC,SKU-587,7350,465,437,BIN-35
Berlin Factory,SKU-316,542,124,174,BIN-34
Berlin Factory,SKU-409,4021,209,363,BIN-40
Tokyo Port,SKU-410,7344,167,167,BIN-39
Berlin Factory,SKU-407,1063,478,397,BIN-24
Berlin Factory,SKU-879,9973,371,435,BIN-11
Tokyo Port,SKU-467,301,223,460,BIN-15
Dallas DC,SKU-884,9240,482,228,BIN-15
Tokyo Port,SKU-454,3428,308,242,BIN-38
Tokyo Port,SKU-987,8061,428,248,BIN-5
Berlin Factory,SKU-483,1988,482,261,BIN-12
Dallas DC,SKU-342,702,488,159,BIN-2
Dallas DC,SKU-764,7341,159,380,BIN-5
Tokyo Port,SKU-711,6343,360,198,BIN-3
Berlin Factory,SKU-167,5934,109,430,BIN-16
Berlin Factory,SKU-224,2727,222,419,BIN-4
Berlin Factory,SKU-336,6008,400,267,BIN-15
Dallas DC,SKU-603,2265,159,397,BIN-24
Dallas DC,SKU-545,8101,94,408,BIN-17
Berlin Factory,SKU-206,5063,339,425,BIN-16
Tokyo Port,SKU-428,9686,423,431,BIN-37
Berlin Factory,SKU-846,5302,163,252,BIN-24
Tokyo Port,SKU-298,8744,383,134,BIN-2
Berlin Factory,SKU-632,7626,426,333,BIN-15
Dallas DC,SKU-669,1812,195,443,BIN-17
Tokyo Port,SKU-497,2943,115,248,BIN-29
Dallas DC,SKU-224,9698,170,392,BIN-31
Dallas DC,SKU-268,854,370,433,BIN-35
Berlin Factory,SKU-877,1334,138,131,BIN-39
Dallas DC,SKU-911,9097,15,128,BIN-24
Berlin Factory,SKU-843,3206,204,347,BIN-28
Berlin Factory,SKU-112,7814,352,149,BIN-15
Tokyo Port,SKU-881,3071,137,152,BIN-10
Dallas DC,SKU-270,2149,151,482,BIN-5
Berlin Factory,SKU-364,7045,5,236,BIN-10
Dallas DC,SKU-599,2663,314,283,BIN-18
Tokyo Port,SKU-869,3398,241,110,BIN-14
Berlin Factory,SKU-218,8629,262,130,BIN-1
Tokyo Port,SKU-989,7764,434,437,BIN-7
Tokyo Port,SKU-257,6695,329,249,BIN-21
Dallas DC,SKU-547,6562,96,443,BIN-32
Tokyo Port,SKU-662,4751,50,438,BIN-25
Dallas DC,SKU-441,5923,442,282,BIN-14
Berlin Factory,SKU-661,2778,151,304,BIN-36
Tokyo Port,SKU-365,8043,327,114,BIN-20
Berlin Factory,SKU-154,4974,489,321,BIN-15
